{"orientation": [3.6902747524436563e-10, -8.731149137020111e-11, -0.1736481934785843, 0.9848078489303589], "scale": [1.0, 1.0, 1.0], "complaints": [{"object": "bottle_of_garlic_sauce-ucnmax", "message": "APPEARANCE: Confirm object visual appearance.\nRequirements:\n- make sure the object has a valid texture or appearance (e.g., texture not black,\n       transparency rendered correctly, etc).\n- make sure any glass parts are transparent (would this object contain glass? e.g.\n       wall pictures, clocks, etc. - anything wrong)\n- compare the object against the 3ds Max image that should open up now.", "complaint": "not transparent", "processed": false, "new": true}]}