{"orientation": [0.010833999142050743, 0.0008992020739242435, -0.0026683888863772154, 0.9999374151229858], "scale": [1.0, 1.0, 1.0], "complaints": [{"object": "banana_bread-outrja", "message": "APPEARANCE: Confirm object visual appearance.\nRequirements:\n- make sure the object has a valid texture or appearance (e.g., texture not black,\n       transparency rendered correctly, etc).\n- make sure any glass parts are transparent (would this object contain glass? e.g.\n       wall pictures, clocks, etc. - anything wrong)\n- compare the object against the 3ds Max image that should open up now.", "complaint": "no texture", "processed": false, "new": true}]}