{"orientation": [-1.4906516298651695e-05, 0.029365502297878265, 0.0004819276509806514, 0.99956876039505], "scale": [1.0, 1.0, 1.0], "complaints": [{"object": "bird_feeder-hvlkjx", "message": "Confirm reasonable bounding box size:\n46.24cm, 30.30cm, 79.50cm\nMake sure these sizes are within the same order of magnitude you expect from this object IRL.\nIf the scale is off, please let us know by a factor of how much (for example, 1000 if something\nthat's supposed to be 1mm is 1m instead) in your complaint note.", "complaint": "x3", "processed": true}]}