{"orientation": [-0.009531587362289429, -0.0006887619383633137, 0.00160216202493757, 0.9999531507492065], "scale": [1.0, 1.0, 1.0], "complaints": [{"object": "pizza_dough-jguwbv", "message": "APPEARANCE: Confirm object visual appearance.\nRequirements:\n- make sure the object has a valid texture or appearance (e.g., texture not black,\n       transparency rendered correctly, etc).\n- make sure any glass parts are transparent (would this object contain glass? e.g.\n       wall pictures, clocks, etc. - anything wrong)\n- compare the object against the 3ds Max image that should open up now.", "complaint": "no texture", "processed": false, "new": true}]}