{"orientation": [-4.656612873077393e-10, 5.093170329928398e-11, -0.6156615614891052, 0.7880107164382935], "scale": [1.464100000000001, 1.464100000000001, 1.464100000000001], "complaints": [{"object": "pop-bqretx", "message": "Confirm object synset assignment.\nObject assigned to synset: dad.n.01\nDefinition: an informal term for a father; probably derived from baby talk\nReminder: synset should match the object and not its contents.\n(e.g. orange juice bottle needs to match orange_juice__bottle.n.01\nand not orange_juice.n.01)", "complaint": "soda", "processed": true}, {"object": "pop-bqretx", "message": "Confirm object visual appearance.\nRequirements:\n- make sure there is only one rigid body.\n- make sure the object has a valid texture or appearance.\n- make sure the object has all parts necessary.", "complaint": "brand", "processed": true}]}