{"orientation": [-8.776623872108757e-11, 7.275957614183426e-12, -0.2249511480331421, 0.9743701815605164], "scale": [1.4641000000000006, 1.4641000000000006, 1.4641000000000006], "complaints": [{"object": "pop-dlqmit", "message": "Confirm object synset assignment.\nObject assigned to synset: dad.n.01\nDefinition: an informal term for a father; probably derived from baby talk\nReminder: synset should match the object and not its contents.\n(e.g. orange juice bottle needs to match orange_juice__bottle.n.01\nand not orange_juice.n.01)", "complaint": "soda bottle", "processed": true}]}