{"orientation": [-4.656612873077393e-10, 2.0736479200422764e-09, -0.5948227643966675, 0.8038569092750549], "scale": [1.6105100000000008, 1.6105100000000008, 1.6105100000000008], "complaints": [{"object": "pop-drqbiy", "message": "Confirm object synset assignment.\nObject assigned to synset: dad.n.01\nDefinition: an informal term for a father; probably derived from baby talk\nReminder: synset should match the object and not its contents.\n(e.g. orange juice bottle needs to match orange_juice__bottle.n.01\nand not orange_juice.n.01)", "complaint": "soda bottle", "processed": true}, {"object": "pop-drqbiy", "message": "Confirm object visual appearance.\nRequirements:\n- make sure there is only one rigid body.\n- make sure the object has a valid texture or appearance.\n- make sure the object has all parts necessary.", "complaint": "brand?", "processed": true}]}