{"orientation": [-4.353933036327362e-08, 2.8230715543031693e-08, 0.7071066498756409, 0.7071069478988647], "scale": [1.3310000000000004, 1.3310000000000004, 1.3310000000000004], "complaints": [{"object": "pop-exapzb", "message": "Confirm object synset assignment.\nObject assigned to synset: dad.n.01\nDefinition: an informal term for a father; probably derived from baby talk\nReminder: synset should match the object and not its contents.\n(e.g. orange juice bottle needs to match orange_juice__bottle.n.01\nand not orange_juice.n.01)", "complaint": "soda bottle", "processed": true}]}