{"orientation": [-0.0029751008842140436, -0.00383222964592278, 0.0002186500933021307, 0.9999881386756897], "scale": [1.0, 1.0, 1.0], "complaints": [{"object": "bottle_of_pop-eyazzi", "message": "APPEARANCE: Confirm object visual appearance.\nRequirements:\n- make sure the object has a valid texture or appearance (e.g., texture not black,\n       transparency rendered correctly, etc).\n- make sure any glass parts are transparent (would this object contain glass? e.g.\n       wall pictures, clocks, etc. - anything wrong)\n- compare the object against the 3ds Max image that should open up now.", "complaint": "bad texture (cannot see label)", "processed": false, "new": true}]}