{"orientation": [2.6193447411060333e-08, -2.584420144557953e-08, 0.9238795638084412, 0.38268357515335083], "scale": [1.0, 1.0, 1.0], "complaints": [{"object": "pop-jnoksl", "message": "Confirm object synset assignment.\nObject assigned to synset: dad.n.01\nDefinition: an informal term for a father; probably derived from baby talk\nReminder: synset should match the object and not its contents.\n(e.g. orange juice bottle needs to match orange_juice__bottle.n.01\nand not orange_juice.n.01)", "complaint": "soda bottle", "processed": true}, {"object": "pop-jnoksl", "message": "Confirm object visual appearance.\nRequirements:\n- make sure there is only one rigid body.\n- make sure the object has a valid texture or appearance.\n- make sure the object has all parts necessary.", "complaint": "brand?", "processed": true}]}