{"orientation": [4.423782229423523e-08, -2.1696905605494976e-08, -0.8660251498222351, 0.5000005960464478], "scale": [1.3310000000000004, 1.3310000000000004, 1.3310000000000004], "complaints": [{"object": "pop-kviogj", "message": "Confirm object synset assignment.\nObject assigned to synset: dad.n.01\nDefinition: an informal term for a father; probably derived from baby talk\nReminder: synset should match the object and not its contents.\n(e.g. orange juice bottle needs to match orange_juice__bottle.n.01\nand not orange_juice.n.01)", "complaint": "soda bottle", "processed": true}, {"object": "pop-kviogj", "message": "Confirm object visual appearance.\nRequirements:\n- make sure there is only one rigid body.\n- make sure the object has a valid texture or appearance.\n- make sure the object has all parts necessary.", "complaint": "brand?", "processed": true}]}