{"orientation": [2.029046299867332e-07, 5.060483090346679e-07, -1.2967474276592839e-06, 1.0000001192092896], "scale": [1.0, 1.0, 1.0], "complaints": [{"object": "pop-mdznsn", "message": "Confirm object synset assignment.\nObject assigned to synset: dad.n.01\nDefinition: an informal term for a father; probably derived from baby talk\nReminder: synset should match the object and not its contents.\n(e.g. orange juice bottle needs to match orange_juice__bottle.n.01\nand not orange_juice.n.01)", "complaint": "soda bottle", "processed": true}, {"object": "pop-mdznsn", "message": "Confirm object visual appearance.\nRequirements:\n- make sure there is only one rigid body.\n- make sure the object has a valid texture or appearance.\n- make sure the object has all parts necessary.", "complaint": "brand?", "processed": true}]}