{"orientation": [-1.4551915228366852e-11, 4.3655745685100555e-11, -0.1736481785774231, 0.9848078489303589], "scale": [1.0, 1.0, 1.0], "complaints": [{"object": "pop-mhzttm", "message": "Confirm object synset assignment.\nObject assigned to synset: dad.n.01\nDefinition: an informal term for a father; probably derived from baby talk\nReminder: synset should match the object and not its contents.\n(e.g. orange juice bottle needs to match orange_juice__bottle.n.01\nand not orange_juice.n.01)", "complaint": "soda bottle", "processed": true}, {"object": "pop-mhzttm", "message": "Confirm object visual appearance.\nRequirements:\n- make sure there is only one rigid body.\n- make sure the object has a valid texture or appearance.\n- make sure the object has all parts necessary.", "complaint": "brand?\\", "processed": true}]}