{"orientation": [-0.05114726349711418, -0.042179521173238754, 0.025253422558307648, 0.9974805116653442], "scale": [1.0, 1.0, 1.0], "complaints": [{"object": "batting_gloves-uteyjv", "message": "Confirm reasonable bounding box size:\n1.26m, 70.25cm, 56.99cm\nMake sure these sizes are within the same order of magnitude you expect from this object IRL.\nIf the scale is off, please let us know by a factor of how much (for example, 1000 if something\nthat's supposed to be 1mm is 1m instead) in your complaint note.", "complaint": "x5", "processed": true}]}