{"orientation": [-0.00540137616917491, 0.01709415763616562, -0.0005069696926511824, 0.9998392462730408], "scale": [1.0, 1.0, 1.0], "complaints": [{"object": "bottle_of_ground_cloves-vzamzb", "message": "APPEARANCE: Confirm object visual appearance.\nRequirements:\n- make sure the object has a valid texture or appearance (e.g., texture not black,\n       transparency rendered correctly, etc).\n- make sure any glass parts are transparent (would this object contain glass? e.g.\n       wall pictures, clocks, etc. - anything wrong)\n- compare the object against the 3ds Max image that should open up now.", "complaint": "content texture missing", "processed": false, "new": true}]}