{"orientation": [-0.5155223608016968, 0.4909957945346832, 0.49215465784072876, 0.5009427070617676], "scale": [1.0, 1.0, 1.0], "complaints": [{"object": "asparagus-xguktb", "message": "Confirm object visual appearance.\nRequirements:\n- make sure there is only one rigid body.\n- make sure the object has a valid texture or appearance.\n- make sure the object has all parts necessary.", "complaint": "bundle of objects", "processed": true}, {"object": "asparagus-xguktb", "message": "Confirm reasonable bounding box size:\n55.61cm, 54.01cm, 1.93m\nMake sure these sizes are within the same order of magnitude you expect from this object IRL.\nIf the scale is off, please let us know by a factor of how much (for example, 1000 if something\nthat's supposed to be 1mm is 1m instead) in your complaint note.", "complaint": "x10", "processed": true}]}