{"orientation": [0.002583274617791176, 0.658341646194458, -0.008684689179062843, 0.7526647448539734], "scale": [1.4641000000000006, 1.4641000000000006, 1.4641000000000006], "complaints": [{"object": "apple-hwrflj", "message": "Confirm reasonable bounding box size (in meters):\n0.0762111209332943, 0.07621106877923012, 0.06502311863005161\nMake sure these sizes are within the same order of magnitude you expect from this object in real life.\nPress Enter if the size is good. Otherwise, enter the scaling factor you want to apply to the object.\n2 means the object should be scaled 2x larger and 0.5 means the object should be shrunk to half.", "complaint": "2", "processed": true}, {"object": "apple-hwrflj", "message": "APPEARANCE: Confirm object visual appearance.\nRequirements:\n- make sure the object has a valid texture or appearance (e.g., texture not black,\n       transparency rendered correctly, etc).\n- make sure any glass parts are transparent (would this object contain glass? e.g.\n       wall pictures, clocks, etc. - anything wrong)\n- compare the object against the 3ds Max image that should open up now.", "complaint": "no texture", "processed": false, "new": true}]}