{"orientation": [-1.8189894035458565e-12, 7.105427357601002e-14, 8.731149137020111e-11, 1.0000001192092896], "scale": [1.4641000000000006, 1.4641000000000006, 1.4641000000000006], "complaints": [{"object": "bathtub-fdjykf", "message": "Confirm object properties:\n- dustyable\n- stainable\nFull list of iGibson abilities: burnable, cleaningTool, coldSource, cookable, dustyable, freezable, heatSource, liquid, openable, sliceable, slicer, soakable, stainable, toggleable, waterSource\nCheck incorrect or missing properties, especially liquid property\n", "complaint": "watersource and toggleable needed", "processed": true}]}