{"orientation": [6.845913594588637e-05, 6.861025030957535e-05, 3.5836749248119304e-06, 1.0], "scale": [1.0, 1.0, 1.0], "complaints": [{"object": "bottle_of_onion_powder-xruqod", "message": "APPEARANCE: Confirm object visual appearance.\nRequirements:\n- make sure the object has a valid texture or appearance (e.g., texture not black,\n       transparency rendered correctly, etc).\n- make sure any glass parts are transparent (would this object contain glass? e.g.\n       wall pictures, clocks, etc. - anything wrong)\n- compare the object against the 3ds Max image that should open up now.", "complaint": "content texture is not visible", "processed": false, "new": true}]}