{"orientation": [-3.8899095670785755e-05, 3.30600596498698e-05, 5.120288051330135e-07, 1.0], "scale": [1.0, 1.0, 1.0], "complaints": [{"object": "biscuit-cgkiti", "message": "Confirm reasonable bounding box size:\n18.52cm, 19.45cm, 1.47cm\nMake sure these sizes are within the same order of magnitude you expect from this object IRL.\nIf the scale is off, please let us know by a factor of how much (for example, 1000 if something\nthat's supposed to be 1mm is 1m instead) in your complaint note.", "complaint": "x2.74", "processed": true}, {"object": "biscuit-cgkiti", "message": "CATEGORY: Confirm object category assignment.\n\nObject assigned to category: biscuit\n\nIf the object is not compatible with the rest of the objects in this category,\n(e.g. tabletop sink vs regular sink), change the category here.\nConfirm that the object is the same kind of object as the rest of the objects\nin this category.\n\nIf the category is wrong, please type in the correct category.", "complaint": "cookie ?", "processed": false, "new": true}]}