{"orientation": [0.0, 0.0, 0.0, 1.0], "scale": [1.0, 1.0, 1.0], "complaints": [{"object": "biscuit-hlyeaq", "message": "Confirm reasonable bounding box size:\n18.55cm, 19.48cm, 1.47cm\nMake sure these sizes are within the same order of magnitude you expect from this object IRL.\nIf the scale is off, please let us know by a factor of how much (for example, 1000 if something\nthat's supposed to be 1mm is 1m instead) in your complaint note.", "complaint": "x2.74", "processed": true}, {"object": "biscuit-hlyeaq", "message": "SYNSET: Confirm object synset assignment.\n\nObject assigned to synset: biscuit.n.01\nDefinition: small round bread leavened with baking-powder or soda\n\nReminder: synset should match the object and not its contents.\n(e.g., orange_juice.n.01 is the fluid orange juice and not a bottle).\nFor containers, note that usable containers (e.g. ones that have an open cap and\ncan be filled should be assigned to x__bottle.n.01 etc. synsets/categories while\nnon-usable containers should be assigned to bottle__of__x.n.01 etc. synsets/categories).\n\nIf the synset is wrong, please type in the name of the correct synset the object\nshould be assigned to. In the next question also type in the correct category.", "complaint": "cookie?", "processed": false, "new": true}, {"object": "biscuit-hlyeaq", "message": "CATEGORY: Confirm object category assignment.\n\nObject assigned to category: biscuit\n\nIf the object is not compatible with the rest of the objects in this category,\n(e.g. tabletop sink vs regular sink), change the category here.\nConfirm that the object is the same kind of object as the rest of the objects\nin this category.\n\nIf the category is wrong, please type in the correct category.", "complaint": "cookie?", "processed": false, "new": true}]}