{"orientation": [0.0, 0.0, 0.0, 1.000000238418579], "scale": [1.0, 1.0, 1.0], "complaints": [{"object": "chocolate_biscuit-ukcwqw", "message": "Confirm object visual appearance.\nRequirements:\n- make sure there is only one rigid body.\n- make sure the object has a valid texture or appearance.\n- make sure the object has all parts necessary.", "complaint": "white texture", "processed": true}, {"object": "biscuit-ukcwqw", "message": "APPEARANCE: Confirm object visual appearance.\nRequirements:\n- make sure the object has a valid texture or appearance (e.g., texture not black,\n       transparency rendered correctly, etc).\n- make sure any glass parts are transparent (would this object contain glass? e.g.\n       wall pictures, clocks, etc. - anything wrong)\n- compare the object against the 3ds Max image that should open up now.", "complaint": "dark brown texture does not rly look like normal biscuit", "processed": false, "new": true}]}