{"orientation": [1.7462298274040222e-10, 3.259629011154175e-09, 0.9426764845848083, 0.3337082266807556], "scale": [1.0, 1.0, 1.0], "complaints": [{"object": "bagel_dough-iuembm", "message": "Was at least one of the collision mesh candidates acceptable?", "complaint": "wensi: bad object, missing bottom", "processed": true}, {"object": "bagel_dough-iuembm", "message": "APPEARANCE: Confirm object visual appearance.\nRequirements:\n- make sure the object has a valid texture or appearance (e.g., texture not black,\n       transparency rendered correctly, etc).\n- make sure any glass parts are transparent (would this object contain glass? e.g.\n       wall pictures, clocks, etc. - anything wrong)\n- compare the object against the 3ds Max image that should open up now.", "complaint": "black texture", "processed": false, "new": true}]}