{"orientation": [6.044716064934619e-05, 5.4386800911743194e-05, -1.1876873941218946e-05, 1.0], "scale": [0.5644739300537776, 0.5644739300537776, 0.5644739300537776], "complaints": [{"object": "candle-acycbi", "message": "Was at least one of the collision mesh candidates acceptable?", "complaint": "not watertight", "processed": true}, {"object": "pillar_candle-acycbi", "message": "APPEARANCE: Confirm object visual appearance.\nRequirements:\n- make sure the object has a valid texture or appearance (e.g., texture not black,\n       transparency rendered correctly, etc).\n- make sure any glass parts are transparent (would this object contain glass? e.g.\n       wall pictures, clocks, etc. - anything wrong)\n- compare the object against the 3ds Max image that should open up now.", "complaint": "wrong texture, all black", "processed": false, "new": true}]}