{"orientation": [0.0, 0.0, 0.0, 1.0], "scale": [0.7513148009015777, 0.7513148009015777, 0.7513148009015777], "complaints": [{"object": "candle-aqryfd", "message": "Was at least one of the collision mesh candidates acceptable?", "complaint": "not watertight", "processed": true}, {"object": "pillar_candle-aqryfd", "message": "APPEARANCE: Confirm object visual appearance.\nRequirements:\n- make sure the object has a valid texture or appearance (e.g., texture not black,\n       transparency rendered correctly, etc).\n- make sure any glass parts are transparent (would this object contain glass? e.g.\n       wall pictures, clocks, etc. - anything wrong)\n- compare the object against the 3ds Max image that should open up now.", "complaint": "all black", "processed": false, "new": true}]}