{"orientation": [0.0, 0.0, 0.0, 1.0000001192092896], "scale": [1.0, 1.0, 1.0], "complaints": [{"object": "candle-bhaqam", "message": "Confirm object visual appearance.\nRequirements:\n- make sure there is only one rigid body.\n- make sure the object has a valid texture or appearance.\n- make sure the object has all parts necessary.", "complaint": "two candles", "processed": true}, {"object": "candle-bhaqam", "message": "Confirm reasonable bounding box size:\n1.61m, 1.57m, 1.70m\nMake sure these sizes are within the same order of magnitude you expect from this object IRL.", "complaint": "too big", "processed": true}, {"object": "candle-bhaqam", "message": "Confirm object properties:\n- dustyable\nFull list of iGibson abilities: burnable, cleaningTool, coldSource, cookable, dustyable, freezable, heatSource, liquid, openable, sliceable, slicer, soakable, stainable, toggleable, waterSource\nCheck incorrect or missing properties, especially liquid property\n", "complaint": "heatsource(fire source?)", "processed": true}]}