{"orientation": [-0.008462030440568924, 0.0009407778270542622, -0.0016196276992559433, 0.999962568283081], "scale": [1.0, 1.0, 1.0], "complaints": [{"object": "biscuit_dough-vbhtbo", "message": "Was at least one of the collision mesh candidates acceptable?", "complaint": "wensi: bad object, no bottom", "processed": false}, {"object": "biscuit_dough-vbhtbo", "message": "APPEARANCE: Confirm object visual appearance.\nRequirements:\n- make sure the object has a valid texture or appearance (e.g., texture not black,\n       transparency rendered correctly, etc).\n- make sure any glass parts are transparent (would this object contain glass? e.g.\n       wall pictures, clocks, etc. - anything wrong)\n- compare the object against the 3ds Max image that should open up now.", "complaint": "no texture", "processed": false, "new": true}]}