{"orientation": [-0.015818988904356956, -0.06064281985163689, 0.013073348440229893, 0.9979485869407654], "scale": [1.0, 1.0, 1.0], "complaints": [{"object": "champagne-npsevx", "message": "Confirm reasonable bounding box size:\n1.58m, 1.58m, 6.01m\nMake sure these sizes are within the same order of magnitude you expect from this object IRL.\nIf the scale is off, please let us know by a factor of how much (for example, 1000 if something\nthat's supposed to be 1mm is 1m instead) in your complaint note.", "complaint": "x20", "processed": true}]}