{"orientation": [1.488224370405078e-07, 1.8718583305599168e-07, 0.052335940301418304, 0.9986295104026794], "scale": [1.0, 1.0, 1.0], "complaints": [{"object": "beer_tap-vgaluf", "message": "Was at least one of the collision mesh candidates acceptable?", "complaint": "not watertight", "processed": false}, {"object": "beer_tap-vgaluf", "message": "ABILITIES: Confirm that this object can support all of the abilities seen below.\n\nAbilities to evaluate (subset of all abilities): \n    cloth: False\n    coldSource: False\n    fillable: False\n    heatSource: False\n    openable: False\n    particleApplier: False\n    particleRemover: False\n    particleSink: False\n    particleSource: False\n    toggleable: False\n\nIf this object looks like it should have some of these abilities flipped, please\nlist the abilities that we should flip for this object as a comma separated list.\nFor example, for an unopenable window you would put in 'openable'.", "complaint": "particleSource, toggleable", "processed": false, "new": true}]}