{"orientation": [0.0, 0.0, 0.0, 1.0000001192092896], "scale": [1.1, 1.1, 1.1], "complaints": [{"object": "gin_bottle-qzgcdx", "message": "Confirm reasonable bounding box size:\n15.74cm, 15.74cm, 49.98cm\nMake sure these sizes are within the same order of magnitude you expect from this object IRL.\nIf the scale is off, please let us know by a factor of how much (for example, 1000 if something\nthat's supposed to be 1mm is 1m instead) in your complaint note.", "complaint": "x2", "processed": true}, {"object": "bottle_of_gin-qzgcdx", "message": "APPEARANCE: Confirm object visual appearance.\nRequirements:\n- make sure the object has a valid texture or appearance (e.g., texture not black,\n       transparency rendered correctly, etc).\n- make sure any glass parts are transparent (would this object contain glass? e.g.\n       wall pictures, clocks, etc. - anything wrong)\n- compare the object against the 3ds Max image that should open up now.", "complaint": "should be transparent", "processed": false, "new": true}]}