{"orientation": [0.0001660569105297327, -0.7037951350212097, 0.00016685428272467107, 0.7104031443595886], "scale": [1.0, 1.0, 1.0], "complaints": [{"object": "baseball_bat-spcxrt", "message": "Confirm reasonable bounding box size:\n19.65cm, 19.65cm, 2.74m\nMake sure these sizes are within the same order of magnitude you expect from this object IRL.\nIf the scale is off, please let us know by a factor of how much (for example, 1000 if something\nthat's supposed to be 1mm is 1m instead) in your complaint note.", "complaint": "x2.74", "processed": true}]}