{"orientation": [0.0, 0.0, 0.0, 1.0000001192092896], "scale": [1.0, 1.0, 1.0], "complaints": [{"object": "bacon-eclhdh", "message": "Confirm reasonable bounding box size:\n1.32cm, 4.18cm, 2.96mm\nMake sure these sizes are within the same order of magnitude you expect from this object IRL.\nIf the scale is off, please let us know by a factor of how much (for example, 1000 if something\nthat's supposed to be 1mm is 1m instead) in your complaint note.", "complaint": "1/3", "processed": true}, {"object": "bacon-eclhdh", "message": "SYNSET: Confirm object synset assignment.\n\nObject assigned to synset: bacon.n.01\nDefinition: back and sides of a hog salted and dried or smoked; usually sliced thin and fried\n\nReminder: synset should match the object and not its contents.\n(e.g., orange_juice.n.01 is the fluid orange juice and not a bottle).\nFor containers, note that usable containers (e.g. ones that have an open cap and\ncan be filled should be assigned to x__bottle.n.01 etc. synsets/categories while\nnon-usable containers should be assigned to bottle__of__x.n.01 etc. synsets/categories).\n\nIf the synset is wrong, please type in the name of the correct synset the object\nshould be assigned to. In the next question also type in the correct category.", "complaint": "\u001b[5~\u001b[5~\u001b[5~\u001b[5~\u001b[5~\u001b[5~\u001b[5~\u001b[5~\u001b[5~\u001b[5~\u001b[5~\u001b[5~\u001b[5~\u001b[5~\u001b[5~\u001b[5~\u001b[5~\u001b[5~", "processed": false, "new": true}]}