{"orientation": [-0.12028761208057404, 0.6968053579330444, -0.12023365497589111, 0.6968050003051758], "scale": [1.0, 1.0, 1.0], "complaints": [{"object": "bottle_of_beer-bwaboq", "message": "APPEARANCE: Confirm object visual appearance.\nRequirements:\n- make sure the object has a valid texture or appearance (e.g., texture not black,\n       transparency rendered correctly, etc).\n- make sure any glass parts are transparent (would this object contain glass? e.g.\n       wall pictures, clocks, etc. - anything wrong)\n- compare the object against the 3ds Max image that should open up now.", "complaint": "texture looks a little off", "processed": false, "new": true}]}