{"orientation": [0.12929996848106384, 0.6937873363494873, 0.1292235553264618, 0.6965930461883545], "scale": [1.0, 1.0, 1.0], "complaints": [{"object": "beer-phdimo", "message": "Confirm object synset assignment.\nObject assigned to synset: beer.n.01\nDefinition: a general name for alcoholic beverages made by fermenting a cereal (or mixture of cereals) flavored with hops\nReminder: synset should match the object and not its contents.\n(e.g. orange juice bottle needs to match orange_juice__bottle.n.01\nand not orange_juice.n.01)", "complaint": "it has to be beer bottle", "processed": true}, {"object": "beer-phdimo", "message": "Confirm object synset assignment.\nObject assigned to synset: beer.n.01\nDefinition: a general name for alcoholic beverages made by fermenting a cereal (or mixture of cereals) flavored with hops\nReminder: synset should match the object and not its contents.\n(e.g. orange juice bottle needs to match orange_juice__bottle.n.01\nand not orange_juice.n.01)", "complaint": "beer bottle and not beer", "processed": true}, {"object": "beer-phdimo", "message": "Confirm object visual appearance.\nRequirements:\n- make sure there is only one rigid body.\n- make sure the object has a valid texture or appearance.\n- make sure the object has all parts necessary.", "complaint": "cap should be extrapart", "processed": true}, {"object": "beer-phdimo", "message": "Confirm reasonable bounding box size:\n72.03cm, 72.02cm, 2.60m\nMake sure these sizes are within the same order of magnitude you expect from this object IRL.", "complaint": "too big", "processed": true}, {"object": "beer-phdimo", "message": "Confirm object properties:\n- freezable\n- liquid\nFull list of iGibson abilities: burnable, cleaningTool, coldSource, cookable, dustyable, freezable, heatSource, liquid, openable, sliceable, slicer, soakable, stainable, toggleable, waterSource\nCheck incorrect or missing properties, especially liquid property\n", "complaint": "openable ", "processed": true}]}