{"orientation": [0.0, 0.0, 0.0, 1.0000001192092896], "scale": [1.3310000000000004, 1.3310000000000004, 1.3310000000000004], "complaints": [{"object": "bottle_of_mustard-qbbqat", "message": "ABILITIES: Confirm that this object can support all of the abilities seen below.\n\nAbilities to evaluate (subset of all abilities): \n    cloth: False\n    coldSource: False\n    fillable: False\n    heatSource: False\n    openable: False\n    particleApplier: False\n    particleRemover: False\n    particleSink: False\n    particleSource: False\n    toggleable: False\n\nIf this object looks like it should have some of these abilities flipped, please\nlist the abilities that we should flip for this object as a comma separated list.\nFor example, for an unopenable window you would put in 'openable'.", "complaint": "toggleable, particleSource ?", "processed": false, "new": true}]}