{"orientation": [-1.5414261724799871e-06, 5.808817149954848e-05, -0.7071049809455872, 0.7071086764335632], "scale": [1.0, 1.0, 1.0], "complaints": [{"object": "lighter_fluid-qudpzo", "message": "Confirm reasonable bounding box size:\n35.01m, 18.01m, 95.64m\nMake sure these sizes are within the same order of magnitude you expect from this object IRL.\nIf the scale is off, please let us know by a factor of how much (for example, 1000 if something\nthat's supposed to be 1mm is 1m instead) in your complaint note.", "complaint": "x400", "processed": true}]}