{"orientation": [-4.02220175601542e-05, -0.0001946770935319364, 1.581812284712214e-06, 1.0000001192092896], "scale": [1.0, 1.0, 1.0], "complaints": [{"object": "bottle_of_coke-bmtvvb", "message": "APPEARANCE: Confirm object visual appearance.\nRequirements:\n- make sure the object has a valid texture or appearance (e.g., texture not black,\n       transparency rendered correctly, etc).\n- make sure any glass parts are transparent (would this object contain glass? e.g.\n       wall pictures, clocks, etc. - anything wrong)\n- compare the object against the 3ds Max image that should open up now.", "complaint": "not transparent (can't see content inside)", "processed": false, "new": true}]}