{"orientation": [0.01754319667816162, -0.0021705864928662777, 0.006340848281979561, 0.9998237490653992], "scale": [1.0, 1.0, 1.0], "complaints": [{"object": "bottle_of_coke-uqusgj", "message": "SYNSET: Confirm object synset assignment.\n\nObject assigned to synset: bottle__of__coke.n.01 (custom synset)\nDefinition: (hypernyms: grocery.n.02): (usually plural) consumer goods sold by a grocer\n\nReminder: synset should match the object and not its contents.\n(e.g., orange_juice.n.01 is the fluid orange juice and not a bottle).\nFor containers, note that usable containers (e.g. ones that have an open cap and\ncan be filled should be assigned to x__bottle.n.01 etc. synsets/categories while\nnon-usable containers should be assigned to bottle__of__x.n.01 etc. synsets/categories).\n\nIf the synset is wrong, please type in the name of the correct synset the object\nshould be assigned to. In the next question also type in the correct category.", "complaint": "0", "processed": false, "new": true}, {"object": "bottle_of_coke-uqusgj", "message": "APPEARANCE: Confirm object visual appearance.\nRequirements:\n- make sure the object has a valid texture or appearance (e.g., texture not black,\n       transparency rendered correctly, etc).\n- make sure any glass parts are transparent (would this object contain glass? e.g.\n       wall pictures, clocks, etc. - anything wrong)\n- compare the object against the 3ds Max image that should open up now.", "complaint": "not transparent", "processed": false, "new": true}]}