{"orientation": [-0.4976842701435089, -0.516556441783905, 0.47303804755210876, 0.5115805864334106], "scale": [1.0, 1.0, 1.0], "complaints": [{"object": "moisture_wash-lyzvuk", "message": "Confirm object meta links listed below:\n- N/A\n\nMake sure these match mechanisms you expect from this object.", "complaint": "particleapplier;togglebutton", "processed": true}, {"object": "bottle_of_cold_cream-lyzvuk", "message": "ABILITIES: Confirm that this object can support all of the abilities seen below.\n\nAbilities to evaluate (subset of all abilities): \n    cloth: False\n    coldSource: False\n    fillable: False\n    heatSource: False\n    openable: False\n    particleApplier: False\n    particleRemover: False\n    particleSink: False\n    particleSource: False\n    toggleable: False\n\nIf this object looks like it should have some of these abilities flipped, please\nlist the abilities that we should flip for this object as a comma separated list.\nFor example, for an unopenable window you would put in 'openable'.", "complaint": "particleApplier", "processed": false, "new": true}]}