{"orientation": [2.9103830456733704e-11, 0.0, -7.450580596923828e-09, 1.0000001192092896], "scale": [1.6105100000000008, 1.6105100000000008, 1.6105100000000008], "complaints": [{"object": "bottle_of_mayonnaise-gjwjet", "message": "CATEGORY: Confirm object category assignment.\n\nObject assigned to category: bottle_of_mayonnaise\n\nIf the object is not compatible with the rest of the objects in this category,\n(e.g. tabletop sink vs regular sink), change the category here.\nConfirm that the object is the same kind of object as the rest of the objects\nin this category.\n\nIf the category is wrong, please type in the correct category.", "complaint": "jar_of_mayonnaise", "processed": false, "new": true}, {"object": "bottle_of_mayonnaise-gjwjet", "message": "APPEARANCE: Confirm object visual appearance.\nRequirements:\n- make sure the object has a valid texture or appearance (e.g., texture not black,\n       transparency rendered correctly, etc).\n- make sure any glass parts are transparent (would this object contain glass? e.g.\n       wall pictures, clocks, etc. - anything wrong)\n- compare the object against the 3ds Max image that should open up now.", "complaint": "texture inside is black. mayo should be white", "processed": false, "new": true}]}