{"orientation": [-0.00520665105432272, 0.7041490077972412, -0.006170407868921757, 0.7100065350532532], "scale": [1.0, 1.0, 1.0], "complaints": [{"object": "blouse-htcikj", "message": "Check if the object looks like it absolutely MUST be a soft body.\nRequirements:\n- type 'cloth' if you think the object can reasonably be simulated by 2D cloth.\n- type 'soft' if it needs to be soft but still needs to have a volume.\n- just hit enter without typing anything if the object does NOT have to be a soft body.", "complaint": "cloth", "processed": true}]}