{"orientation": [-0.007776237558573484, 0.012778726406395435, -0.01561505813151598, 0.9997662901878357], "scale": [1.0, 1.0, 1.0], "complaints": [{"object": "bottle_of_chili_pepper-hjalqq", "message": "APPEARANCE: Confirm object visual appearance.\nRequirements:\n- make sure the object has a valid texture or appearance (e.g., texture not black,\n       transparency rendered correctly, etc).\n- make sure any glass parts are transparent (would this object contain glass? e.g.\n       wall pictures, clocks, etc. - anything wrong)\n- compare the object against the 3ds Max image that should open up now.", "complaint": "texture looks off", "processed": false, "new": true}]}