{"orientation": [3.931600076612085e-05, 4.324324254412204e-05, 5.506320576387225e-06, 1.0], "scale": [1.0, 1.0, 1.0], "complaints": [{"object": "bottle_of_bug_repellent-qqztry", "message": "ABILITIES: Confirm that this object can support all of the abilities seen below.\n\nAbilities to evaluate (subset of all abilities): \n    cloth: False\n    coldSource: False\n    fillable: False\n    heatSource: False\n    openable: False\n    particleApplier: False\n    particleRemover: False\n    particleSink: False\n    particleSource: False\n    toggleable: False\n\nIf this object looks like it should have some of these abilities flipped, please\nlist the abilities that we should flip for this object as a comma separated list.\nFor example, for an unopenable window you would put in 'openable'.", "complaint": "particleApplier", "processed": false, "new": true}]}