{"orientation": [-5.0250208005309105e-05, -7.14945126674138e-05, 3.874010872095823e-06, 1.0000001192092896], "scale": [1.0, 1.0, 1.0], "complaints": [{"object": "arbor-qewqan", "message": "APPEARANCE: Confirm object visual appearance.\nRequirements:\n- make sure the object has a valid texture or appearance (e.g., texture not black,\n       transparency rendered correctly, etc).\n- make sure any glass parts are transparent (would this object contain glass? e.g.\n       wall pictures, clocks, etc. - anything wrong)\n- compare the object against the 3ds Max image that should open up now.", "complaint": "texture black", "processed": false, "new": true}]}