{"orientation": [0.0, 0.0, 0.0, 1.0000001192092896], "scale": [0.9090909090909091, 0.9090909090909091, 0.9090909090909091], "complaints": [{"object": "bottle_of_orange_juice-jcvqmb", "message": "APPEARANCE: Confirm object visual appearance.\nRequirements:\n- make sure the object has a valid texture or appearance (e.g., texture not black,\n       transparency rendered correctly, etc).\n- make sure any glass parts are transparent (would this object contain glass? e.g.\n       wall pictures, clocks, etc. - anything wrong)\n- compare the object against the 3ds Max image that should open up now.", "complaint": "black liquid inside. should be orange", "processed": false, "new": true}]}