{"orientation": [-3.4924596548080444e-09, 6.497430149465799e-09, 0.7071068286895752, 0.7071067094802856], "scale": [1.771561000000001, 1.771561000000001, 1.771561000000001], "complaints": [{"object": "bench-nzsfrw", "message": "Confirm object visual appearance.\nRequirements:\n- make sure there is only one rigid body.\n- make sure the object has a valid texture or appearance.\n- make sure the object has all parts necessary.", "complaint": "not sure the physics of the bench would work, but looks normal", "processed": true}, {"object": "bench-nzsfrw", "message": "Confirm reasonable bounding box size:\n87.52cm, 31.96cm, 36.33cm\nMake sure these sizes are within the same order of magnitude you expect from this object IRL.", "complaint": "too small", "processed": true}]}