{"orientation": [2.0613879314623773e-06, -1.0741132427938282e-07, 0.7071067690849304, 0.7071070075035095], "scale": [1.2100000000000002, 1.2100000000000002, 1.2100000000000002], "complaints": [{"object": "bed-guguqb", "message": "Confirm object visual appearance.\nRequirements:\n- make sure there is only one rigid body.\n- make sure the object has a valid texture or appearance.\n- make sure the object has all parts necessary.", "complaint": "need to separate blanket ", "processed": true}, {"object": "bed-guguqb", "message": "Confirm reasonable bounding box size:\n51.13cm, 75.42cm, 41.20cm\nMake sure these sizes are within the same order of magnitude you expect from this object IRL.", "complaint": "too small", "processed": true}]}