{"orientation": [2.3283064365386963e-10, 3.0886440072208643e-09, 0.7071069478988647, 0.7071066498756409], "scale": [1.0, 1.0, 1.0], "complaints": [{"object": "bed-mpgavt", "message": "Confirm object visual appearance.\nRequirements:\n- make sure there is only one rigid body.\n- make sure the object has a valid texture or appearance.\n- make sure the object has all parts necessary.", "complaint": "maybe remove the blanket not sure", "processed": true}, {"object": "bed-mpgavt", "message": "Confirm reasonable bounding box size:\n59.54cm, 75.26cm, 28.12cm\nMake sure these sizes are within the same order of magnitude you expect from this object IRL.", "complaint": "too small", "processed": true}]}