{"orientation": [-8.00855559646152e-09, -1.1761585483327508e-08, 0.7071068286895752, 0.7071068286895752], "scale": [1.4641000000000006, 1.4641000000000006, 1.4641000000000006], "complaints": [{"object": "bed-smmmaf", "message": "Confirm object visual appearance.\nRequirements:\n- make sure there is only one rigid body.\n- make sure the object has a valid texture or appearance.\n- make sure the object has all parts necessary.", "complaint": "it's connected to some sort of a lamp ", "processed": true}, {"object": "bed-smmmaf", "message": "Confirm reasonable bounding box size:\n47.64cm, 54.64cm, 37.22cm\nMake sure these sizes are within the same order of magnitude you expect from this object IRL.", "complaint": "too small", "processed": true}, {"object": "bed-smmmaf", "message": "Confirm object meta links:\nMake sure these match mechanisms you expect from this object.", "complaint": "i think it's connected to a light source?", "processed": true}]}