{"orientation": [0.0, 0.0, 0.0, 1.0], "scale": [1.2100000000000002, 1.2100000000000002, 1.2100000000000002], "complaints": [{"object": "bed-tptswe", "message": "SYNSET: Confirm object synset assignment.\n\nObject assigned to synset: bed.n.01\nDefinition: a piece of furniture that provides a place to sleep\n\nReminder: synset should match the object and not its contents.\n(e.g., orange_juice.n.01 is the fluid orange juice and not a bottle).\nFor containers, note that usable containers (e.g. ones that have an open cap and\ncan be filled should be assigned to x__bottle.n.01 etc. synsets/categories while\nnon-usable containers should be assigned to bottle__of__x.n.01 etc. synsets/categories).\n\nIf the synset is wrong, please type in the name of the correct synset the object\nshould be assigned to. In the next question also type in the correct category.", "complaint": "bed_frame?", "processed": false, "new": true}, {"object": "bed-tptswe", "message": "CATEGORY: Confirm object category assignment.\n\nObject assigned to category: bed\n\nIf the object is not compatible with the rest of the objects in this category,\n(e.g. tabletop sink vs regular sink), change the category here.\nConfirm that the object is the same kind of object as the rest of the objects\nin this category.\n\nIf the category is wrong, please type in the correct category.", "complaint": "bed_frame?", "processed": false, "new": true}]}