{"orientation": [5.587935447692871e-09, 5.6461431086063385e-09, -0.7071068286895752, 0.7071068286895752], "scale": [1.0, 1.0, 1.0], "complaints": [{"object": "bed-xhegju", "message": "Confirm reasonable bounding box size:\n36.31cm, 77.71cm, 51.41cm\nMake sure these sizes are within the same order of magnitude you expect from this object IRL.", "complaint": "too small", "processed": true}, {"object": "bed-xhegju", "message": "CATEGORY: Confirm object category assignment.\n\nObject assigned to category: bed\n\nIf the object is not compatible with the rest of the objects in this category,\n(e.g. tabletop sink vs regular sink), change the category here.\nConfirm that the object is the same kind of object as the rest of the objects\nin this category.\n\nIf the category is wrong, please type in the correct category.", "complaint": "bunk_bed", "processed": false, "new": true}]}