{"orientation": [0.0, 0.0, 0.0, 1.0], "scale": [1.0, 1.0, 1.0], "complaints": [{"object": "plant_pot-skbcqq", "message": "SYNSET: Confirm object synset assignment.\n\nObject assigned to synset: pot.n.04\nDefinition: a container in which plants are cultivated\n\nReminder: synset should match the object and not its contents.\n(e.g., orange_juice.n.01 is the fluid orange juice and not a bottle).\nFor containers, note that usable containers (e.g. ones that have an open cap and\ncan be filled should be assigned to x__bottle.n.01 etc. synsets/categories while\nnon-usable containers should be assigned to bottle__of__x.n.01 etc. synsets/categories).\n\nIf the synset is wrong, please type in the name of the correct synset the object\nshould be assigned to. In the next question also type in the correct category.", "complaint": "0", "processed": false, "new": true}, {"object": "plant_pot-skbcqq", "message": "APPEARANCE: Confirm object visual appearance.\nRequirements:\n- make sure the object has a valid texture or appearance (e.g., texture not black,\n       transparency rendered correctly, etc).\n- make sure any glass parts are transparent (would this object contain glass? e.g.\n       wall pictures, clocks, etc. - anything wrong)\n- compare the object against the 3ds Max image that should open up now.", "complaint": "weird texture in both OG and 3dsmax", "processed": false, "new": true}]}