{"orientation": [-4.284083843231201e-05, -3.5978853702545166e-05, -6.705522537231445e-08, 1.0], "scale": [1.0, 1.0, 1.0], "complaints": [{"object": "plant_pot-vhglly", "message": "Confirm reasonable bounding box size:\n74.16cm, 74.16cm, 76.20cm\nMake sure these sizes are within the same order of magnitude you expect from this object IRL.\nIf the scale is off, please let us know by a factor of how much (for example, 1000 if something\nthat's supposed to be 1mm is 1m instead) in your complaint note.", "complaint": "x2", "processed": true}, {"object": "plant_pot-vhglly", "message": "SYNSET: Confirm object synset assignment.\n\nObject assigned to synset: pot.n.04\nDefinition: a container in which plants are cultivated\n\nReminder: synset should match the object and not its contents.\n(e.g., orange_juice.n.01 is the fluid orange juice and not a bottle).\nFor containers, note that usable containers (e.g. ones that have an open cap and\ncan be filled should be assigned to x__bottle.n.01 etc. synsets/categories while\nnon-usable containers should be assigned to bottle__of__x.n.01 etc. synsets/categories).\n\nIf the synset is wrong, please type in the name of the correct synset the object\nshould be assigned to. In the next question also type in the correct category.", "complaint": "0", "processed": false, "new": true}]}