{"orientation": [-0.0038186530582606792, -7.087447011144832e-05, -1.5568108437946648e-06, 0.9999927282333374], "scale": [1.0, 1.0, 1.0], "complaints": [{"object": "plant_pot-ygrtaz", "message": "APPEARANCE: Confirm object visual appearance.\nRequirements:\n- make sure the object has a valid texture or appearance (e.g., texture not black,\n       transparency rendered correctly, etc).\n- make sure any glass parts are transparent (would this object contain glass? e.g.\n       wall pictures, clocks, etc. - anything wrong)\n- compare the object against the 3ds Max image that should open up now.", "complaint": "weird texture in both OG and 3dsmax", "processed": false, "new": true}]}