{"orientation": [0.007053140550851822, -0.007193488068878651, 0.0023232214152812958, 0.999946653842926], "scale": [1.0, 1.0, 1.0], "complaints": [{"object": "bleu-wxahdr", "message": "APPEARANCE: Confirm object visual appearance.\nRequirements:\n- make sure the object has a valid texture or appearance (e.g., texture not black,\n       transparency rendered correctly, etc).\n- make sure any glass parts are transparent (would this object contain glass? e.g.\n       wall pictures, clocks, etc. - anything wrong)\n- compare the object against the 3ds Max image that should open up now.", "complaint": "texture black", "processed": false, "new": true}]}