{"orientation": [0.6853684782981873, -0.03645845130085945, 0.05010046064853668, 0.7255555391311646], "scale": [1.0, 1.0, 1.0], "complaints": [{"object": "bicycle-xjumcf", "message": "SYNSET: Confirm object synset assignment.\n\nObject assigned to synset: bicycle.n.01\nDefinition: a wheeled vehicle that has two wheels and is moved by foot pedals\n\nReminder: synset should match the object and not its contents.\n(e.g., orange_juice.n.01 is the fluid orange juice and not a bottle).\nFor containers, note that usable containers (e.g. ones that have an open cap and\ncan be filled should be assigned to x__bottle.n.01 etc. synsets/categories while\nnon-usable containers should be assigned to bottle__of__x.n.01 etc. synsets/categories).\n\nIf the synset is wrong, please type in the name of the correct synset the object\nshould be assigned to. In the next question also type in the correct category.", "complaint": "4", "processed": false, "new": true}]}