{"orientation": [0.0, 0.0, 0.0, 1.0], "scale": [1.0, 1.0, 1.0], "complaints": [{"object": "beer_bottle-nigfha", "message": "APPEARANCE: Confirm object visual appearance.\nRequirements:\n- make sure the object has a valid texture or appearance (e.g., texture not black,\n       transparency rendered correctly, etc).\n- make sure any glass parts are transparent (would this object contain glass? e.g.\n       wall pictures, clocks, etc. - anything wrong)\n- compare the object against the 3ds Max image that should open up now.", "complaint": "bad texture - all white. 3ds max image also bad - shows all black", "processed": false, "new": true}]}