{"orientation": [1.5459954738616943e-07, 2.0791776478290558e-07, 0.7071070075035095, 0.7071067690849304], "scale": [1.0, 1.0, 1.0], "complaints": [{"object": "bidet-lcyvov", "message": "SYNSET: Confirm object synset assignment.\n\nObject assigned to synset: bidet.n.01\nDefinition: a basin for washing genitals and anal area\n\nReminder: synset should match the object and not its contents.\n(e.g., orange_juice.n.01 is the fluid orange juice and not a bottle).\nFor containers, note that usable containers (e.g. ones that have an open cap and\ncan be filled should be assigned to x__bottle.n.01 etc. synsets/categories while\nnon-usable containers should be assigned to bottle__of__x.n.01 etc. synsets/categories).\n\nIf the synset is wrong, please type in the name of the correct synset the object\nshould be assigned to. In the next question also type in the correct category.", "complaint": "\u001b[6~\u001b[6~", "processed": false, "new": true}, {"object": "bidet-lcyvov", "message": "ABILITIES: Confirm that this object can support all of the abilities seen below.\n\nAbilities to evaluate (subset of all abilities): \n    cloth: False\n    coldSource: False\n    fillable: False\n    heatSource: False\n    openable: False\n    particleApplier: False\n    particleRemover: False\n    particleSink: False\n    particleSource: False\n    toggleable: False\n\nIf this object looks like it should have some of these abilities flipped, please\nlist the abilities that we should flip for this object as a comma separated list.\nFor example, for an unopenable window you would put in 'openable'.", "complaint": "particleSink, particleSource", "processed": false, "new": true}]}