{"orientation": [-0.0002741130592767149, -0.0008398616919294, -5.17271416811127e-08, 0.9999996423721313], "scale": [1.0, 1.0, 1.0], "complaints": [{"object": "pizza-vyfhkm", "message": "Confirm reasonable bounding box size:\n2.95cm, 2.94cm, 1.07mm\nMake sure these sizes are within the same order of magnitude you expect from this object IRL.\nIf the scale is off, please let us know by a factor of how much (for example, 1000 if something\nthat's supposed to be 1mm is 1m instead) in your complaint note.", "complaint": "1/20", "processed": true}]}