{"orientation": [-0.4792892336845398, 0.646136462688446, -0.3665076196193695, 0.4673990309238434], "scale": [1.0, 1.0, 1.0], "complaints": [{"object": "pillow-agclpq", "message": "APPEARANCE: Confirm object visual appearance.\nRequirements:\n- make sure the object has a valid texture or appearance (e.g., texture not black,\n       transparency rendered correctly, etc).\n- make sure any glass parts are transparent (would this object contain glass? e.g.\n       wall pictures, clocks, etc. - anything wrong)\n- compare the object against the 3ds Max image that should open up now.", "complaint": "no texture", "processed": false, "new": true}]}