{"orientation": [-0.1266723871231079, -0.7422845363616943, 0.13424861431121826, 0.6441624760627747], "scale": [1.0, 1.0, 1.0], "complaints": [{"object": "pillow-ajxhun", "message": "APPEARANCE: Confirm object visual appearance.\nRequirements:\n- make sure the object has a valid texture or appearance (e.g., texture not black,\n       transparency rendered correctly, etc).\n- make sure any glass parts are transparent (would this object contain glass? e.g.\n       wall pictures, clocks, etc. - anything wrong)\n- compare the object against the 3ds Max image that should open up now.", "complaint": "no texture", "processed": false, "new": true}]}