{"orientation": [-0.24842768907546997, -0.23868428170681, 0.6658042073249817, 0.6618295311927795], "scale": [1.9487171000000014, 1.9487171000000014, 1.9487171000000014], "complaints": [{"object": "pillow-cakwer", "message": "APPEARANCE: Confirm object visual appearance.\nRequirements:\n- make sure the object has a valid texture or appearance (e.g., texture not black,\n       transparency rendered correctly, etc).\n- make sure any glass parts are transparent (would this object contain glass? e.g.\n       wall pictures, clocks, etc. - anything wrong)\n- compare the object against the 3ds Max image that should open up now.", "complaint": "no texture", "processed": false, "new": true}]}