{"orientation": [-0.2484200894832611, -0.23869051039218903, 0.6658216714859009, 0.6618126034736633], "scale": [1.771561000000001, 1.771561000000001, 1.771561000000001], "complaints": [{"object": "pillow-cnskfp", "message": "APPEARANCE: Confirm object visual appearance.\nRequirements:\n- make sure the object has a valid texture or appearance (e.g., texture not black,\n       transparency rendered correctly, etc).\n- make sure any glass parts are transparent (would this object contain glass? e.g.\n       wall pictures, clocks, etc. - anything wrong)\n- compare the object against the 3ds Max image that should open up now.", "complaint": "no texture", "processed": false, "new": true}]}