{"orientation": [-0.1583399772644043, -0.14492061734199524, 0.6914597749710083, 0.6897898316383362], "scale": [1.0, 1.0, 1.0], "complaints": [{"object": "pillow-euryeh", "message": "Confirm object synset assignment.\nObject assigned to synset: pillow.n.01\nDefinition: a cushion to support the head of a sleeping person\nReminder: synset should match the object and not its contents.\n(e.g. orange juice bottle needs to match orange_juice__bottle.n.01\nand not orange_juice.n.01)", "complaint": "don't see anything", "processed": true}]}