{"orientation": [-0.017947034910321236, 0.69672030210495, -0.0023647211492061615, 0.7171145081520081], "scale": [1.0, 1.0, 1.0], "complaints": [{"object": "pillow-kktvay", "message": "APPEARANCE: Confirm object visual appearance.\nRequirements:\n- make sure the object has a valid texture or appearance (e.g., texture not black,\n       transparency rendered correctly, etc).\n- make sure any glass parts are transparent (would this object contain glass? e.g.\n       wall pictures, clocks, etc. - anything wrong)\n- compare the object against the 3ds Max image that should open up now.", "complaint": "no texture", "processed": false, "new": true}]}