{"orientation": [-0.18480049073696136, -0.3165333867073059, -0.015476045198738575, 0.9302773475646973], "scale": [1.0, 1.0, 1.0], "complaints": [{"object": "pillow-pfwumr", "message": "Confirm object visual appearance.\nRequirements:\n- make sure there is only one rigid body.\n- make sure the object has a valid texture or appearance.\n- make sure the object has all parts necessary.", "complaint": "no texture", "processed": true}, {"object": "pillow-pfwumr", "message": "APPEARANCE: Confirm object visual appearance.\nRequirements:\n- make sure the object has a valid texture or appearance (e.g., texture not black,\n       transparency rendered correctly, etc).\n- make sure any glass parts are transparent (would this object contain glass? e.g.\n       wall pictures, clocks, etc. - anything wrong)\n- compare the object against the 3ds Max image that should open up now.", "complaint": "no texture", "processed": false, "new": true}]}