{"orientation": [0.0018562148325145245, 0.8453927040100098, -0.010221939533948898, 0.5340445637702942], "scale": [1.0, 1.0, 1.0], "complaints": [{"object": "pillow-poyzyt", "message": "APPEARANCE: Confirm object visual appearance.\nRequirements:\n- make sure the object has a valid texture or appearance (e.g., texture not black,\n       transparency rendered correctly, etc).\n- make sure any glass parts are transparent (would this object contain glass? e.g.\n       wall pictures, clocks, etc. - anything wrong)\n- compare the object against the 3ds Max image that should open up now.", "complaint": "no texture", "processed": false, "new": true}]}