{"orientation": [-0.23794209957122803, 0.2490832507610321, -0.6615042686462402, 0.6661481857299805], "scale": [1.771561000000001, 1.771561000000001, 1.771561000000001], "complaints": [{"object": "pillow-pwjehr", "message": "Confirm object synset assignment.\nObject assigned to synset: pillow.n.01\nDefinition: a cushion to support the head of a sleeping person\nReminder: synset should match the object and not its contents.\n(e.g. orange juice bottle needs to match orange_juice__bottle.n.01\nand not orange_juice.n.01)", "complaint": "don't see anything", "processed": true}, {"object": "pillow-pwjehr", "message": "Confirm object visual appearance.\nRequirements:\n- make sure there is only one rigid body.\n- make sure the object has a valid texture or appearance.\n- make sure the object has all parts necessary.", "complaint": "don't see anything", "processed": true}]}