{"orientation": [0.010598397813737392, 0.6858019828796387, 0.009972378611564636, 0.727642834186554], "scale": [1.0, 1.0, 1.0], "complaints": [{"object": "pillow-spkcvl", "message": "APPEARANCE: Confirm object visual appearance.\nRequirements:\n- make sure the object has a valid texture or appearance (e.g., texture not black,\n       transparency rendered correctly, etc).\n- make sure any glass parts are transparent (would this object contain glass? e.g.\n       wall pictures, clocks, etc. - anything wrong)\n- compare the object against the 3ds Max image that should open up now.", "complaint": "no texture", "processed": false, "new": true}]}