{"orientation": [0.1249978095293045, 0.708093523979187, 0.10777757316827774, 0.6865590810775757], "scale": [1.0, 1.0, 1.0], "complaints": [{"object": "pillow-tvmuxs", "message": "APPEARANCE: Confirm object visual appearance.\nRequirements:\n- make sure the object has a valid texture or appearance (e.g., texture not black,\n       transparency rendered correctly, etc).\n- make sure any glass parts are transparent (would this object contain glass? e.g.\n       wall pictures, clocks, etc. - anything wrong)\n- compare the object against the 3ds Max image that should open up now.", "complaint": "no texture", "processed": false, "new": true}]}