{"orientation": [-0.011847371235489845, -0.7118498682975769, 0.01163812167942524, 0.7021353840827942], "scale": [1.0, 1.0, 1.0], "complaints": [{"object": "pillow-vxmqaj", "message": "APPEARANCE: Confirm object visual appearance.\nRequirements:\n- make sure the object has a valid texture or appearance (e.g., texture not black,\n       transparency rendered correctly, etc).\n- make sure any glass parts are transparent (would this object contain glass? e.g.\n       wall pictures, clocks, etc. - anything wrong)\n- compare the object against the 3ds Max image that should open up now.", "complaint": "no texture", "processed": false, "new": true}]}