{"orientation": [0.004642102401703596, -0.7230929732322693, -0.005066489335149527, 0.6907166838645935], "scale": [1.0, 1.0, 1.0], "complaints": [{"object": "pillow-wsfewt", "message": "Confirm object visual appearance.\nRequirements:\n- make sure there is only one rigid body.\n- make sure the object has a valid texture or appearance.\n- make sure the object has all parts necessary.", "complaint": "no texture", "processed": true}, {"object": "pillow-wsfewt", "message": "APPEARANCE: Confirm object visual appearance.\nRequirements:\n- make sure the object has a valid texture or appearance (e.g., texture not black,\n       transparency rendered correctly, etc).\n- make sure any glass parts are transparent (would this object contain glass? e.g.\n       wall pictures, clocks, etc. - anything wrong)\n- compare the object against the 3ds Max image that should open up now.", "complaint": "no texture", "processed": false, "new": true}]}