{"orientation": [-4.71482053399086e-07, -1.0613584890961647e-06, 0.6560231447219849, 0.754740834236145], "scale": [1.0, 1.0, 1.0], "complaints": [{"object": "pitcher-bbewjo", "message": "Confirm reasonable bounding box size:\n1.26m, 1.72m, 2.44m\nMake sure these sizes are within the same order of magnitude you expect from this object IRL.\nIf the scale is off, please let us know by a factor of how much (for example, 1000 if something\nthat's supposed to be 1mm is 1m instead) in your complaint note.", "complaint": "x10", "processed": true}]}