{"orientation": [-3.027344064321369e-08, -1.902226358652115e-07, -1.1641532182693481e-09, 1.0], "scale": [1.0, 1.0, 1.0], "complaints": [{"object": "cream-ompiss", "message": "Confirm object synset assignment.\nObject assigned to synset: cream.n.01\nDefinition: the best people or things in a group\nReminder: synset should match the object and not its contents.\n(e.g. orange juice bottle needs to match orange_juice__bottle.n.01\nand not orange_juice.n.01)", "complaint": "cream is the wrong one and it is a box of cream", "processed": true}, {"object": "cream-ompiss", "message": "Confirm object properties:\n- burnable\n- cookable\n- freezable\n- liquid\nFull list of iGibson abilities: burnable, cleaningTool, coldSource, cookable, dustyable, freezable, heatSource, liquid, openable, sliceable, slicer, soakable, stainable, toggleable, waterSource\nCheck incorrect or missing properties, especially liquid property\n", "complaint": "none apply to the box", "processed": true}, {"object": "cream-ompiss", "message": "Confirm object meta links:\nMake sure these match mechanisms you expect from this object.", "complaint": "fillable", "processed": true}, {"object": "pitcher-ompiss", "message": "CATEGORY: Confirm object category assignment.\n\nObject assigned to category: pitcher\n\nIf the object is not compatible with the rest of the objects in this category,\n(e.g. tabletop sink vs regular sink), change the category here.\nConfirm that the object is the same kind of object as the rest of the objects\nin this category.\n\nIf the category is wrong, please type in the correct category.", "complaint": "this is not a pitcher", "processed": false, "new": true}]}