{"orientation": [1.5705591067671776e-05, -1.83815136551857e-05, -0.7071070075035095, 0.7071067690849304], "scale": [1.0, 1.0, 1.0], "complaints": [{"object": "pitcher-tsyims", "message": "Confirm object synset assignment.\nObject assigned to synset: pitcher.n.01\nDefinition: (baseball) the person who does the pitching\nReminder: synset should match the object and not its contents.\n(e.g. orange juice bottle needs to match orange_juice__bottle.n.01\nand not orange_juice.n.01)", "complaint": "wrong pitcher", "processed": true}, {"object": "pitcher-tsyims", "message": "Confirm object visual appearance.\nRequirements:\n- make sure there is only one rigid body.\n- make sure the object has a valid texture or appearance.\n- make sure the object has all parts necessary.", "complaint": "looks transparent", "processed": true}]}