{"orientation": [2.036290243268013e-05, 1.9456596419331618e-05, 0.7071067094802856, 0.7071070075035095], "scale": [1.0, 1.0, 1.0], "complaints": [{"object": "pitcher-tzbnmh", "message": "Confirm object synset assignment.\nObject assigned to synset: pitcher.n.01\nDefinition: (baseball) the person who does the pitching\nReminder: synset should match the object and not its contents.\n(e.g. orange juice bottle needs to match orange_juice__bottle.n.01\nand not orange_juice.n.01)", "complaint": "wrong pitcher", "processed": true}, {"object": "pitcher-tzbnmh", "message": "Confirm object visual appearance.\nRequirements:\n- make sure there is only one rigid body.\n- make sure the object has a valid texture or appearance.\n- make sure the object has all parts necessary.", "complaint": "looks transparent", "processed": true}]}