{"orientation": [6.474927067756653e-05, -2.4151890102075413e-05, 1.0000001192092896, -2.37906351685524e-05], "scale": [1.0, 1.0, 1.0], "complaints": [{"object": "cream_pitcher-wmkwhg", "message": "Confirm reasonable bounding box size:\n37.63cm, 26.76cm, 19.88cm\nMake sure these sizes are within the same order of magnitude you expect from this object IRL.", "complaint": "too big", "processed": true}, {"object": "cream_pitcher-wmkwhg", "message": "Confirm object meta links:\nMake sure these match mechanisms you expect from this object.", "complaint": "fillable", "processed": true}]}