{"orientation": [-0.019733358174562454, 0.043415892869234085, -0.7063976526260376, 0.7062068581581116], "scale": [1.0, 1.0, 1.0], "complaints": [{"object": "plastic_bag-fwxfpe", "message": "ABILITIES: Confirm that this object can support all of the abilities seen below.\n\nAbilities to evaluate (subset of all abilities): \n    cloth: True\n    coldSource: False\n    fillable: False\n    heatSource: False\n    openable: False\n    particleApplier: False\n    particleRemover: False\n    particleSink: False\n    particleSource: False\n    toggleable: False\n\nIf this object looks like it should have some of these abilities flipped, please\nlist the abilities that we should flip for this object as a comma separated list.\nFor example, for an unopenable window you would put in 'openable'.", "complaint": "fillable", "processed": false, "new": true}]}