{"orientation": [-5.820766091346741e-11, -1.0732037480920553e-10, 5.684341886080802e-14, 1.0000001192092896], "scale": [1.1, 1.1, 1.1], "complaints": [{"object": "spray_paint-volzrj", "message": "Was at least one of the collision mesh candidates acceptable?", "complaint": "Automated complaint: None was marked in original pass - please review.", "processed": true}, {"object": "spray_paint-volzrj", "message": "Confirm object visual appearance.\nRequirements:\n- make sure there is only one rigid body.\n- make sure the object has a valid texture or appearance.\n- make sure the object has all parts necessary.", "complaint": "strange surface attached", "processed": true}, {"object": "spray_paint-volzrj", "message": "Confirm reasonable bounding box size:\n99.67cm, 99.67cm, 1.00m\nMake sure these sizes are within the same order of magnitude you expect from this object IRL.\nIf the scale is off, please let us know by a factor of how much (for example, 1000 if something\nthat's supposed to be 1mm is 1m instead) in your complaint note.", "complaint": "removing surface?", "processed": true}, {"object": "spray_paint-volzrj", "message": "Was at least one of the collision mesh candidates acceptable?", "complaint": "Ground plane shouldn't be included", "processed": true}, {"object": "spray_paint-volzrj", "message": "Confirm object meta links listed below:\n- N/A\n\nMake sure these match mechanisms you expect from this object.", "complaint": "togglebutton;particleapplier", "processed": true}, {"object": "bottle_of_paint-volzrj", "message": "ABILITIES: Confirm that this object can support all of the abilities seen below.\n\nAbilities to evaluate (subset of all abilities): \n    cloth: False\n    coldSource: False\n    fillable: False\n    heatSource: False\n    openable: False\n    particleApplier: False\n    particleRemover: False\n    particleSink: False\n    particleSource: False\n    toggleable: False\n\nIf this object looks like it should have some of these abilities flipped, please\nlist the abilities that we should flip for this object as a comma separated list.\nFor example, for an unopenable window you would put in 'openable'.", "complaint": "toggleable, particleApplier", "processed": false, "new": true}]}