{"orientation": [0.0, 0.0, 0.0, 1.0000001192092896], "scale": [1.0, 1.0, 1.0], "complaints": [{"object": "bedsheet-jfsovh", "message": "Check if the object looks like it absolutely MUST be a soft body.\nRequirements:\n- type 'cloth' if you think the object can reasonably be simulated by 2D cloth.\n- type 'soft' if it needs to be soft but still needs to have a volume.\n- just hit enter without typing anything if the object does NOT have to be a soft body.", "complaint": "cloth", "processed": true}]}