{"orientation": [0.0, 0.0, 0.0, 1.0000001192092896], "scale": [1.0, 1.0, 1.0], "complaints": [{"object": "bedsheet-xeskbh", "message": "Check if the object looks like it absolutely MUST be a soft body.\nRequirements:\n- type 'cloth' if you think the object can reasonably be simulated by 2D cloth.\n- type 'soft' if it needs to be soft but still needs to have a volume.\n- just hit enter without typing anything if the object does NOT have to be a soft body.", "complaint": "cloth", "processed": true}, {"object": "bed_sheet-xeskbh", "message": "SUBSTANCE: Confirm if object should be a rigid body, cloth, or substance.\nIf it's marked softBody or rope, that means it will be a rigid body for now, which is OK.\n\nCurrently, it is annotated as: cloth.\n\nEnter one of \"rigidBody\", \"liquid\", \"macroPhysicalSubstance\", \"microPhysicalSubstance\", \"visualSubstance\", \"cloth\", \"softBody\", \"rope\" to change.", "complaint": ".", "processed": false, "new": true}]}