{"orientation": [0.0, 0.0, 0.0, 1.0], "scale": [1.0, 1.0, 1.0], "complaints": [{"object": "sanitizer-faedff", "message": "Confirm object visual appearance.\nRequirements:\n- make sure there is only one rigid body.\n- make sure the object has a valid texture or appearance.\n- make sure the object has all parts necessary.", "complaint": "white texture", "processed": true}, {"object": "sanitizer-faedff", "message": "Confirm object meta links listed below:\n- N/A\n\nMake sure these match mechanisms you expect from this object.", "complaint": "togglebutton;fluidsource?particleapplier?", "processed": true}, {"object": "bottle_of_disinfectant-faedff", "message": "ABILITIES: Confirm that this object can support all of the abilities seen below.\n\nAbilities to evaluate (subset of all abilities): \n    cloth: False\n    coldSource: False\n    fillable: False\n    heatSource: False\n    openable: False\n    particleApplier: False\n    particleRemover: False\n    particleSink: False\n    particleSource: False\n    toggleable: False\n\nIf this object looks like it should have some of these abilities flipped, please\nlist the abilities that we should flip for this object as a comma separated list.\nFor example, for an unopenable window you would put in 'openable'.", "complaint": "particleSource, toggleable", "processed": false, "new": true}, {"object": "bottle_of_disinfectant-faedff", "message": "APPEARANCE: Confirm object visual appearance.\nRequirements:\n- make sure the object has a valid texture or appearance (e.g., texture not black,\n       transparency rendered correctly, etc).\n- make sure any glass parts are transparent (would this object contain glass? e.g.\n       wall pictures, clocks, etc. - anything wrong)\n- compare the object against the 3ds Max image that should open up now.", "complaint": "soap volume inside looks off with glass on the sides. mostly looks fine", "processed": false, "new": true}]}