{"orientation": [0.0, 0.0, 0.0, 1.0], "scale": [1.0, 1.0, 1.0], "complaints": [{"object": "starch-npegpl", "message": "Confirm reasonable bounding box size:\n2.08m, 2.20m, 97.08cm\nMake sure these sizes are within the same order of magnitude you expect from this object IRL.\nIf the scale is off, please let us know by a factor of how much (for example, 1000 if something\nthat's supposed to be 1mm is 1m instead) in your complaint note.", "complaint": "x10", "processed": true}, {"object": "bag_of_starch-npegpl", "message": "SUBSTANCE: Confirm if object should be a rigid body, cloth, or substance.\nIf it's marked softBody or rope, that means it will be a rigid body for now, which is OK.\n\nCurrently, it is annotated as: rigidBody.\n\nEnter one of \"rigidBody\", \"liquid\", \"macroPhysicalSubstance\", \"microPhysicalSubstance\", \"visualSubstance\", \"cloth\", \"softBody\", \"rope\" to change.", "complaint": "softBody", "processed": false, "new": true}]}