{"orientation": [0.008030704222619534, -0.008037294261157513, 0.7069598436355591, 0.7071625590324402], "scale": [1.0, 1.0, 1.0], "complaints": [{"object": "glass_cleaner-yukmlw", "message": "Confirm reasonable bounding box size:\n30.79cm, 8.50cm, 74.52cm\nMake sure these sizes are within the same order of magnitude you expect from this object IRL.\nIf the scale is off, please let us know by a factor of how much (for example, 1000 if something\nthat's supposed to be 1mm is 1m instead) in your complaint note.", "complaint": "x3", "processed": true}, {"object": "glass_cleaner-yukmlw", "message": "Confirm object meta links listed below:\n- N/A\n\nMake sure these match mechanisms you expect from this object.", "complaint": "togglebutton;particleapplier", "processed": true}, {"object": "bottle_of_glass_cleaner-yukmlw", "message": "ABILITIES: Confirm that this object can support all of the abilities seen below.\n\nAbilities to evaluate (subset of all abilities): \n    cloth: False\n    coldSource: False\n    fillable: False\n    heatSource: False\n    openable: False\n    particleApplier: False\n    particleRemover: False\n    particleSink: False\n    particleSource: False\n    toggleable: False\n\nIf this object looks like it should have some of these abilities flipped, please\nlist the abilities that we should flip for this object as a comma separated list.\nFor example, for an unopenable window you would put in 'openable'.", "complaint": "particleApplier", "processed": false, "new": true}]}