{"orientation": [-0.0056800213642418385, 0.002810186240822077, 0.0005060776020400226, 0.9999799132347107], "scale": [1.0, 1.0, 1.0], "complaints": [{"object": "banana-verqwv", "message": "APPEARANCE: Confirm object visual appearance.\nRequirements:\n- make sure the object has a valid texture or appearance (e.g., texture not black,\n       transparency rendered correctly, etc).\n- make sure any glass parts are transparent (would this object contain glass? e.g.\n       wall pictures, clocks, etc. - anything wrong)\n- compare the object against the 3ds Max image that should open up now.", "complaint": "texture black", "processed": false, "new": true}]}