{"orientation": [-0.5338205695152283, 0.5211270451545715, -0.4785778522491455, 0.46306103467941284], "scale": [1.0, 1.0, 1.0], "complaints": [{"object": "banana-vvyyyv", "message": "Confirm object synset assignment.\nObject assigned to synset: banana.n.01\nDefinition: any of several tropical and subtropical treelike herbs of the genus Musa having a terminal crown of large entire leaves and usually bearing hanging clusters of elongated fruits\nReminder: synset should match the object and not its contents.\n(e.g. orange juice bottle needs to match orange_juice__bottle.n.01\nand not orange_juice.n.01)", "complaint": "should be banana.n.02", "processed": true}, {"object": "banana-vvyyyv", "message": "Confirm reasonable bounding box size:\n21.44cm, 4.48cm, 13.46cm\nMake sure these sizes are within the same order of magnitude you expect from this object IRL.", "complaint": "too big", "processed": true}]}