{"orientation": [0.6699896454811096, 0.7037204504013062, 0.0271570086479187, 0.23484933376312256], "scale": [1.0, 1.0, 1.0], "complaints": [{"object": "banana-wmglhc", "message": "APPEARANCE: Confirm object visual appearance.\nRequirements:\n- make sure the object has a valid texture or appearance (e.g., texture not black,\n       transparency rendered correctly, etc).\n- make sure any glass parts are transparent (would this object contain glass? e.g.\n       wall pictures, clocks, etc. - anything wrong)\n- compare the object against the 3ds Max image that should open up now.", "complaint": "texture black", "processed": false, "new": true}]}