{"orientation": [0.00905218068510294, 0.016428012400865555, -0.706795871257782, 0.7071688771247864], "scale": [1.2100000000000002, 1.2100000000000002, 1.2100000000000002], "complaints": [{"object": "bar_soap-lyigsj", "message": "APPEARANCE: Confirm object visual appearance.\nRequirements:\n- make sure the object has a valid texture or appearance (e.g., texture not black,\n       transparency rendered correctly, etc).\n- make sure any glass parts are transparent (would this object contain glass? e.g.\n       wall pictures, clocks, etc. - anything wrong)\n- compare the object against the 3ds Max image that should open up now.", "complaint": "no texture", "processed": false, "new": true}]}