{"orientation": [0.0010147745488211513, 0.00013231644697953016, -2.9867715056752786e-07, 0.9999994039535522], "scale": [1.0, 1.0, 1.0], "complaints": [{"object": "pizza_sauce-clttao", "message": "Confirm reasonable bounding box size:\n3.87m, 3.87m, 2.84m\nMake sure these sizes are within the same order of magnitude you expect from this object IRL.\nIf the scale is off, please let us know by a factor of how much (for example, 1000 if something\nthat's supposed to be 1mm is 1m instead) in your complaint note.", "complaint": "x40", "processed": true}, {"object": "bottle_of_pizza_sauce-clttao", "message": "APPEARANCE: Confirm object visual appearance.\nRequirements:\n- make sure the object has a valid texture or appearance (e.g., texture not black,\n       transparency rendered correctly, etc).\n- make sure any glass parts are transparent (would this object contain glass? e.g.\n       wall pictures, clocks, etc. - anything wrong)\n- compare the object against the 3ds Max image that should open up now.", "complaint": "texture doesn't match with 3ds max", "processed": false, "new": true}]}