{"orientation": [0.07049275189638138, 0.0955030769109726, 0.35028499364852905, 0.9290912747383118], "scale": [1.0, 1.0, 1.0], "complaints": [{"object": "bottle_of_deicer-xepoez", "message": "APPEARANCE: Confirm object visual appearance.\nRequirements:\n- make sure the object has a valid texture or appearance (e.g., texture not black,\n       transparency rendered correctly, etc).\n- make sure any glass parts are transparent (would this object contain glass? e.g.\n       wall pictures, clocks, etc. - anything wrong)\n- compare the object against the 3ds Max image that should open up now.", "complaint": "bad center of mass, will always tip over", "processed": false, "new": true}]}