{"orientation": [-0.70710688829422, -0.7071067094802856, -0.00018504969193600118, 1.8658494809642434e-05], "scale": [1.0, 1.0, 1.0], "complaints": [{"object": "bottle_of_coffee-zywanc", "message": "APPEARANCE: Confirm object visual appearance.\nRequirements:\n- make sure the object has a valid texture or appearance (e.g., texture not black,\n       transparency rendered correctly, etc).\n- make sure any glass parts are transparent (would this object contain glass? e.g.\n       wall pictures, clocks, etc. - anything wrong)\n- compare the object against the 3ds Max image that should open up now.", "complaint": "coffee texture missing", "processed": false, "new": true}]}