{"orientation": [-1.0925896276603453e-07, 7.155074399634032e-08, 1.3804992704535834e-09, 1.0], "scale": [1.0, 1.0, 1.0], "complaints": [{"object": "ketchup-bcqfxb", "message": "Confirm reasonable bounding box size:\n13.75cm, 22.96cm, 53.49cm\nMake sure these sizes are within the same order of magnitude you expect from this object IRL.\nIf the scale is off, please let us know by a factor of how much (for example, 1000 if something\nthat's supposed to be 1mm is 1m instead) in your complaint note.", "complaint": "x2", "processed": true}]}