{"orientation": [0.0028755730018019676, -0.003461797023192048, -5.100463113194564e-06, 0.9999898672103882], "scale": [1.0, 1.0, 1.0], "complaints": [{"object": "bottle_of_catsup-ialodu", "message": "APPEARANCE: Confirm object visual appearance.\nRequirements:\n- make sure the object has a valid texture or appearance (e.g., texture not black,\n       transparency rendered correctly, etc).\n- make sure any glass parts are transparent (would this object contain glass? e.g.\n       wall pictures, clocks, etc. - anything wrong)\n- compare the object against the 3ds Max image that should open up now.", "complaint": "not transparent (can't see content inside)", "processed": false, "new": true}]}