{"orientation": [-0.04826781153678894, 0.027399934828281403, -0.003868607571348548, 0.9984511137008667], "scale": [1.0, 1.0, 1.0], "complaints": [{"object": "arugula-lbkpoh", "message": "Confirm reasonable bounding box size:\n9.68cm, 10.01cm, 7.34cm\nMake sure these sizes are within the same order of magnitude you expect from this object IRL.\nIf the scale is off, please let us know by a factor of how much (for example, 1000 if something\nthat's supposed to be 1mm is 1m instead) in your complaint note.", "complaint": "x10", "processed": true}]}