{"orientation": [-2.8179027140140533e-05, -0.0005140924477018416, -0.7431451082229614, 0.6691302061080933], "scale": [1.0, 1.0, 1.0], "complaints": [{"object": "laurel_leaf-blazyi", "message": "Confirm reasonable bounding box size:\n16.65cm, 6.37cm, 9.85mm\nMake sure these sizes are within the same order of magnitude you expect from this object IRL.\nIf the scale is off, please let us know by a factor of how much (for example, 1000 if something\nthat's supposed to be 1mm is 1m instead) in your complaint note.", "complaint": "x2", "processed": true}]}