{"orientation": [0.0001820357283577323, -0.00039462518179789186, 7.880771590862423e-07, 0.9999999403953552], "scale": [1.0, 1.0, 1.0], "complaints": [{"object": "laurel_leaf-ghcnzp", "message": "Confirm reasonable bounding box size:\n16.36cm, 6.44cm, 1.05cm\nMake sure these sizes are within the same order of magnitude you expect from this object IRL.\nIf the scale is off, please let us know by a factor of how much (for example, 1000 if something\nthat's supposed to be 1mm is 1m instead) in your complaint note.", "complaint": "x2", "processed": true}]}