{"orientation": [-1.3969838619232178e-09, -3.4924596548080444e-10, 0.06975649297237396, 0.9975640773773193], "scale": [1.0, 1.0, 1.0], "complaints": [{"object": "laurel_leaf-rqtlsv", "message": "Confirm reasonable bounding box size:\n16.87cm, 6.45cm, 1.21cm\nMake sure these sizes are within the same order of magnitude you expect from this object IRL.\nIf the scale is off, please let us know by a factor of how much (for example, 1000 if something\nthat's supposed to be 1mm is 1m instead) in your complaint note.", "complaint": "x2", "processed": true}]}