{"orientation": [-0.5169405937194824, -0.5196141004562378, 0.4797897934913635, 0.4822607934474945], "scale": [1.0, 1.0, 1.0], "complaints": [{"object": "apron-uxgjdv", "message": "Confirm object visual appearance.\nRequirements:\n- make sure there is only one rigid body.\n- make sure the object has a valid texture or appearance.\n- make sure the object has all parts necessary.", "complaint": "no texture", "processed": true}, {"object": "apron-uxgjdv", "message": "Check if the object looks like it absolutely MUST be a soft body.\nRequirements:\n- type 'cloth' if you think the object can reasonably be simulated by 2D cloth.\n- type 'soft' if it needs to be soft but still needs to have a volume.\n- just hit enter without typing anything if the object does NOT have to be a soft body.", "complaint": "cloth", "processed": true}, {"object": "apron-uxgjdv", "message": "APPEARANCE: Confirm object visual appearance.\nRequirements:\n- make sure the object has a valid texture or appearance (e.g., texture not black,\n       transparency rendered correctly, etc).\n- make sure any glass parts are transparent (would this object contain glass? e.g.\n       wall pictures, clocks, etc. - anything wrong)\n- compare the object against the 3ds Max image that should open up now.", "complaint": "texture black (even in 3dsmax)", "processed": false, "new": true}]}