{"orientation": [-3.396053216420114e-08, -4.195999281364493e-08, 7.910372801234189e-09, 1.0000001192092896], "scale": [1.0, 1.0, 1.0], "complaints": [{"object": "baking_sheet-yhurut", "message": "APPEARANCE: Confirm object visual appearance.\nRequirements:\n- make sure the object has a valid texture or appearance (e.g., texture not black,\n       transparency rendered correctly, etc).\n- make sure any glass parts are transparent (would this object contain glass? e.g.\n       wall pictures, clocks, etc. - anything wrong)\n- compare the object against the 3ds Max image that should open up now.", "complaint": "no texture", "processed": false, "new": true}]}